color, c, m, y, k, r, g, b
MOOTONE 001 M,0,4,61,4,246,235,97
MOOTONE 002 M,0,5,71,3,247,234,72
MOOTONE 003 M,0,10,100,1,252,227,0
MOOTONE 004 M,0,13,100,0,254,221,0
MOOTONE 005 M,5,5,100,16,197,169,0
MOOTONE 006 M,7,13,100,28,175,152,0
MOOTONE 007 M,13,18,88,45,137,122,39
MOOTONE 008 M,0,8,71,2,249,229,71
MOOTONE 009 M,0,10,86,2,251,225,34
MOOTONE 010 M,0,14,100,0,254,219,0
MOOTONE 011 M,0,18,100,0,255,209,0
MOOTONE 012 M,2,22,100,8,218,170,0
MOOTONE 013 M,8,21,100,28,170,138,0
MOOTONE 014 M,10,20,100,40,156,132,18
MOOTONE 015 M,0,10,67,2,250,224,83
MOOTONE 016 M,0,12,75,2,251,221,64
MOOTONE 017 M,0,14,86,1,253,218,36
MOOTONE 018 M,0,20,100,0,255,205,0
MOOTONE 019 M,6,27,100,12,201,151,0
MOOTONE 020 M,7,28,100,30,172,132,0
MOOTONE 021 M,17,22,100,47,137,115,34
MOOTONE 022 M,0,13,60,2,251,219,101
MOOTONE 023 M,0,15,66,1,253,215,87
MOOTONE 024 M,0,18,74,0,254,209,65
MOOTONE 025 M,0,22,83,0,255,199,44
MOOTONE 026 M,0,27,100,8,234,170,0
MOOTONE 027 M,6,32,100,24,181,133,0
MOOTONE 028 M,11,31,100,36,154,118,17
MOOTONE 029 M,0,9,55,5,243,221,109
MOOTONE 030 M,0,12,68,5,243,213,78
MOOTONE 031 M,0,14,74,5,243,208,62
MOOTONE 032 M,0,30,100,5,242,169,0
MOOTONE 033 M,2,39,100,10,204,138,0
MOOTONE 034 M,9,38,100,32,160,116,0
MOOTONE 035 M,19,37,100,58,108,87,27
MOOTONE 036 M,0,17,57,1,253,210,110
MOOTONE 037 M,0,22,65,0,255,198,88
MOOTONE 038 M,0,25,75,0,255,191,63
MOOTONE 039 M,0,36,100,0,255,163,0
MOOTONE 040 M,0,44,100,13,222,124,0
MOOTONE 041 M,7,49,100,25,175,109,4
MOOTONE 042 M,19,49,100,54,116,83,28
MOOTONE 043 M,0,18,47,1,253,208,134
MOOTONE 044 M,0,23,57,0,255,197,110
MOOTONE 045 M,0,29,71,0,255,181,73
MOOTONE 046 M,0,38,89,0,255,158,27
MOOTONE 047 M,2,56,100,3,213,120,0
MOOTONE 048 M,9,55,100,39,153,96,23
MOOTONE 049 M,20,55,100,60,110,76,30
MOOTONE 050 M,0,18,62,5,242,199,92
MOOTONE 051 M,0,21,70,5,241,190,72
MOOTONE 052 M,0,25,78,5,241,180,52
MOOTONE 053 M,0,41,100,7,237,139,0
MOOTONE 054 M,4,52,100,8,207,127,0
MOOTONE 055 M,7,50,100,34,167,109,17
MOOTONE 056 M,19,38,90,58,113,92,42
MOOTONE 057 M,0,20,45,0,254,203,139
MOOTONE 058 M,0,24,52,0,255,194,123
MOOTONE 059 M,0,30,64,0,255,178,91
MOOTONE 060 M,0,49,100,0,255,130,0
MOOTONE 061 M,0,50,100,10,229,114,0
MOOTONE 062 M,5,64,100,17,190,106,20
MOOTONE 063 M,8,66,100,41,155,90,26
MOOTONE 064 M,0,13,33,6,239,209,159
MOOTONE 065 M,0,21,48,6,239,190,125
MOOTONE 066 M,0,32,64,7,236,161,84
MOOTONE 067 M,0,49,85,9,232,119,34
MOOTONE 068 M,1,72,100,7,203,96,21
MOOTONE 069 M,6,71,100,31,161,86,28
MOOTONE 070 M,16,67,100,71,96,61,32
MOOTONE 071 M,0,27,44,0,255,185,144
MOOTONE 072 M,0,37,58,0,255,160,106
MOOTONE 073 M,0,50,80,0,255,127,50
MOOTONE 074 M,0,58,93,0,255,106,19
MOOTONE 075 M,0,56,89,15,216,96,24
MOOTONE 076 M,6,71,100,32,166,85,35
MOOTONE 077 M,10,72,100,46,139,71,32
MOOTONE 078 M,0,25,38,0,255,190,159
MOOTONE 079 M,0,38,57,0,255,157,110
MOOTONE 080 M,0,50,75,0,255,127,65
MOOTONE 081 M,0,60,88,0,255,103,31
MOOTONE 082 M,0,64,98,11,227,82,5
MOOTONE 083 M,5,77,100,15,190,83,28
MOOTONE 084 M,12,80,100,60,115,56,29
MOOTONE 085 M,0,36,45,0,255,163,139
MOOTONE 086 M,0,45,57,0,255,141,109
MOOTONE 087 M,0,58,78,0,255,106,57
MOOTONE 088 M,0,70,99,1,252,76,2
MOOTONE 089 M,0,69,98,14,220,68,5
MOOTONE 090 M,5,83,100,27,169,67,30
MOOTONE 091 M,11,82,100,48,131,57,33
MOOTONE 092 M,0,30,33,0,255,179,171
MOOTONE 093 M,0,47,55,0,255,134,116
MOOTONE 094 M,0,64,78,0,255,92,57
MOOTONE 095 M,0,72,91,2,250,70,22
MOOTONE 096 M,0,67,85,19,207,69,32
MOOTONE 097 M,8,86,100,36,150,56,33
MOOTONE 098 M,18,79,78,56,107,53,41
MOOTONE 099 M,0,31,27,0,255,177,187
MOOTONE 100 M,0,50,45,0,255,128,139
MOOTONE 101 M,0,65,64,0,255,88,93
MOOTONE 102 M,0,73,77,2,249,66,58
MOOTONE 103 M,0,73,78,12,224,60,49
MOOTONE 104 M,3,91,86,12,190,58,52
MOOTONE 105 M,21,93,88,50,129,49,47
MOOTONE 106 M,0,36,29,0,255,163,181
MOOTONE 107 M,0,45,37,0,255,141,161
MOOTONE 108 M,0,71,62,3,248,72,94
MOOTONE 109 M,0,84,77,7,238,39,55
MOOTONE 110 M,0,82,77,18,210,38,48
MOOTONE 111 M,5,96,80,22,175,39,47
MOOTONE 112 M,16,97,86,54,124,37,41
MOOTONE 113 M,0,25,19,2,250,187,203
MOOTONE 114 M,0,38,29,1,252,155,179
MOOTONE 115 M,0,67,52,4,246,82,117
MOOTONE 116 M,0,100,81,11,228,0,43
MOOTONE 117 M,2,100,85,6,200,16,46
MOOTONE 118 M,7,100,82,26,166,25,46
MOOTONE 119 M,16,100,65,58,118,35,47
MOOTONE 120 M,0,34,24,3,248,163,188
MOOTONE 121 M,0,52,38,4,246,117,153
MOOTONE 122 M,0,72,54,6,239,66,111
MOOTONE 123 M,0,100,69,11,228,0,70
MOOTONE 124 M,2,99,62,11,191,13,62
MOOTONE 125 M,8,100,55,37,155,39,67
MOOTONE 126 M,19,90,50,55,120,47,64
MOOTONE 127 M,0,16,13,7,236,199,205
MOOTONE 128 M,0,33,25,9,232,156,174
MOOTONE 129 M,0,69,57,13,223,70,97
MOOTONE 130 M,0,100,77,16,213,0,50
MOOTONE 131 M,3,100,70,12,186,12,47
MOOTONE 132 M,7,100,68,32,157,34,53
MOOTONE 133 M,9,100,64,48,134,38,51
MOOTONE 134 M,0,24,14,7,236,179,203
MOOTONE 135 M,0,44,27,9,231,130,169
MOOTONE 136 M,0,69,45,12,224,69,123
MOOTONE 137 M,0,100,73,19,206,0,55
MOOTONE 138 M,5,100,48,22,165,0,52
MOOTONE 139 M,15,100,37,45,134,31,65
MOOTONE 140 M,20,97,40,58,111,38,61
MOOTONE 141 M,0,36,19,2,249,159,201
MOOTONE 142 M,0,49,26,4,245,126,182
MOOTONE 143 M,0,68,37,6,240,78,152
MOOTONE 144 M,0,88,47,11,227,28,121
MOOTONE 145 M,0,93,49,19,206,15,105
MOOTONE 146 M,6,100,26,24,172,20,90
MOOTONE 147 M,13,96,26,52,125,34,72
MOOTONE 148 M,1,32,0,0,234,190,219
MOOTONE 149 M,2,63,0,0,229,109,177
MOOTONE 150 M,1,92,4,0,218,24,132
MOOTONE 151 M,0,100,57,19,206,0,88
MOOTONE 152 M,5,100,25,24,165,0,80
MOOTONE 153 M,9,100,26,38,145,0,72
MOOTONE 154 M,20,100,22,61,108,29,69
MOOTONE 155 M,1,50,0,0,239,149,207
MOOTONE 156 M,3,70,0,0,235,111,189
MOOTONE 157 M,4,88,0,0,223,25,149
MOOTONE 158 M,0,100,47,18,208,0,111
MOOTONE 159 M,7,100,10,21,170,0,97
MOOTONE 160 M,16,100,14,42,137,12,88
MOOTONE 161 M,26,100,19,61,103,33,70
MOOTONE 162 M,1,41,0,0,244,166,215
MOOTONE 163 M,3,60,0,0,242,119,198
MOOTONE 164 M,6,70,0,0,233,60,172
MOOTONE 165 M,12,100,0,0,198,0,126
MOOTONE 166 M,9,87,0,0,225,0,152
MOOTONE 167 M,18,100,6,18,162,0,103
MOOTONE 168 M,20,100,11,41,132,11,85
MOOTONE 169 M,3,37,0,0,241,167,220
MOOTONE 170 M,6,52,0,0,236,134,208
MOOTONE 171 M,12,74,0,0,228,93,191
MOOTONE 172 M,16,82,0,0,219,62,177
MOOTONE 173 M,20,89,0,0,197,41,155
MOOTONE 174 M,30,100,2,2,175,22,133
MOOTONE 175 M,32,100,11,41,128,34,95
MOOTONE 176 M,4,32,0,0,234,184,228
MOOTONE 177 M,9,45,0,0,229,155,220
MOOTONE 178 M,16,56,0,0,221,127,211
MOOTONE 179 M,31,88,0,0,199,36,177
MOOTONE 180 M,35,95,0,0,187,22,163
MOOTONE 181 M,42,100,0,0,165,24,144
MOOTONE 182 M,42,95,10,31,128,39,108
MOOTONE 183 M,7,28,0,0,231,186,228
MOOTONE 184 M,17,43,0,0,221,156,223
MOOTONE 185 M,27,67,0,0,201,100,207
MOOTONE 186 M,40,90,0,0,187,41,187
MOOTONE 187 M,42,91,0,0,173,26,172
MOOTONE 188 M,48,96,0,0,152,29,151
MOOTONE 189 M,52,96,10,24,114,36,108
MOOTONE 190 M,9,22,0,0,214,191,221
MOOTONE 191 M,18,36,0,0,198,161,207
MOOTONE 192 M,51,79,0,0,140,71,153
MOOTONE 193 M,67,100,4,5,109,32,119
MOOTONE 194 M,66,100,8,27,100,38,103
MOOTONE 195 M,62,100,9,44,93,40,95
MOOTONE 196 M,58,92,12,54,81,40,79
MOOTONE 197 M,22,39,0,0,203,163,216
MOOTONE 198 M,35,52,0,0,184,132,203
MOOTONE 199 M,47,72,0,0,160,94,181
MOOTONE 200 M,66,92,0,0,132,50,155
MOOTONE 201 M,72,99,0,3,112,32,130
MOOTONE 202 M,74,99,5,11,103,30,117
MOOTONE 203 M,75,100,8,26,95,33,103
MOOTONE 204 M,29,45,0,0,193,160,218
MOOTONE 205 M,40,54,0,0,167,123,202
MOOTONE 206 M,58,76,0,0,130,70,175
MOOTONE 207 M,80,99,0,0,92,6,140
MOOTONE 208 M,83,99,0,2,80,7,120
MOOTONE 209 M,84,99,0,12,71,10,104
MOOTONE 210 M,85,100,6,38,60,16,83
MOOTONE 211 M,10,17,0,0,215,198,230
MOOTONE 212 M,26,37,0,0,193,167,226
MOOTONE 213 M,52,66,0,0,144,99,205
MOOTONE 214 M,76,90,0,0,117,59,189
MOOTONE 215 M,82,97,0,0,95,37,159
MOOTONE 216 M,82,98,0,12,88,44,131
MOOTONE 217 M,80,98,5,27,81,45,109
MOOTONE 218 M,24,29,0,0,197,180,227
MOOTONE 219 M,40,44,0,0,173,150,220
MOOTONE 220 M,54,61,0,0,150,120,211
MOOTONE 221 M,70,76,0,0,125,85,199
MOOTONE 222 M,90,99,0,0,68,0,153
MOOTONE 223 M,90,99,0,8,51,0,114
MOOTONE 224 M,91,100,8,58,46,26,71
MOOTONE 225 M,29,25,0,0,180,181,223
MOOTONE 226 M,49,44,0,0,149,149,210
MOOTONE 227 M,61,56,0,0,116,116,193
MOOTONE 228 M,100,100,0,22,36,19,95
MOOTONE 229 M,100,100,7,38,33,21,81
MOOTONE 230 M,100,100,7,56,32,23,71
MOOTONE 231 M,100,100,10,79,34,28,53
MOOTONE 232 M,40,36,0,0,167,164,224
MOOTONE 233 M,56,52,0,0,139,132,215
MOOTONE 234 M,76,76,0,0,104,91,199
MOOTONE 235 M,97,100,0,4,46,0,139
MOOTONE 236 M,97,100,0,18,40,0,113
MOOTONE 237 M,97,100,0,30,37,14,98
MOOTONE 238 M,100,100,9,57,32,21,71
MOOTONE 239 M,35,9,0,0,171,202,233
MOOTONE 240 M,45,14,0,0,139,184,232
MOOTONE 241 M,68,34,0,0,65,143,222
MOOTONE 242 M,100,89,0,0,0,20,137
MOOTONE 243 M,100,85,5,22,1,33,105
MOOTONE 244 M,100,85,5,36,0,32,91
MOOTONE 245 M,100,90,13,68,4,30,66
MOOTONE 246 M,42,9,0,0,146,193,233
MOOTONE 247 M,58,17,0,0,108,172,228
MOOTONE 248 M,90,48,0,0,0,114,206
MOOTONE 249 M,100,75,0,0,0,51,160
MOOTONE 250 M,100,75,2,18,0,48,135
MOOTONE 251 M,100,80,6,32,0,45,114
MOOTONE 252 M,100,76,12,70,12,35,64
MOOTONE 253 M,23,0,1,0,185,217,235
MOOTONE 254 M,38,4,0,0,155,203,235
MOOTONE 255 M,58,11,0,0,105,179,231
MOOTONE 256 M,100,69,0,4,0,61,165
MOOTONE 257 M,100,69,7,30,0,47,108
MOOTONE 258 M,100,69,8,54,0,40,85
MOOTONE 259 M,100,73,28,86,4,28,44
MOOTONE 260 M,52,0,1,0,113,197,232
MOOTONE 261 M,67,2,0,0,65,182,230
MOOTONE 262 M,86,8,0,0,0,163,224
MOOTONE 263 M,99,50,0,0,0,94,184
MOOTONE 264 M,100,52,4,19,0,75,135
MOOTONE 265 M,100,48,12,58,0,59,92
MOOTONE 266 M,100,47,22,82,0,42,58
MOOTONE 267 M,34,0,6,0,154,219,232
MOOTONE 268 M,54,0,6,0,89,203,232
MOOTONE 269 M,75,0,5,0,0,181,226
MOOTONE 270 M,100,13,1,2,0,133,202
MOOTONE 271 M,100,22,2,18,0,107,166
MOOTONE 272 M,100,18,8,50,0,88,124
MOOTONE 273 M,99,27,22,80,0,59,73
MOOTONE 274 M,48,0,9,0,106,209,227
MOOTONE 275 M,68,0,13,0,5,195,222
MOOTONE 276 M,88,0,11,0,0,169,206
MOOTONE 277 M,100,0,11,2,0,146,188
MOOTONE 278 M,100,5,14,17,0,127,163
MOOTONE 279 M,100,12,21,44,0,103,127
MOOTONE 280 M,97,21,33,73,0,72,81
MOOTONE 281 M,44,0,11,0,104,210,223
MOOTONE 282 M,58,0,14,0,0,193,213
MOOTONE 283 M,84,0,18,0,0,174,199
MOOTONE 284 M,100,0,20,0,0,142,170
MOOTONE 285 M,100,10,29,20,0,119,139
MOOTONE 286 M,100,9,29,47,0,98,114
MOOTONE 287 M,100,16,33,66,0,79,89
MOOTONE 288 M,23,0,10,0,177,228,227
MOOTONE 289 M,40,0,14,0,136,219,223
MOOTONE 290 M,58,0,22,0,45,204,211
MOOTONE 291 M,96,0,31,2,0,156,166
MOOTONE 292 M,96,3,35,12,0,140,149
MOOTONE 293 M,97,9,39,34,0,115,119
MOOTONE 294 M,96,16,42,57,0,95,97
MOOTONE 295 M,35,0,14,0,156,219,217
MOOTONE 296 M,52,0,23,0,100,204,201
MOOTONE 297 M,81,0,39,0,0,178,169
MOOTONE 298 M,100,2,60,14,0,134,117
MOOTONE 299 M,100,10,61,38,0,115,103
MOOTONE 300 M,100,14,60,49,0,104,94
MOOTONE 301 M,90,21,60,65,0,83,76
MOOTONE 302 M,44,0,20,0,113,219,212
MOOTONE 303 M,49,0,23,0,42,210,201
MOOTONE 304 M,76,0,38,0,0,191,179
MOOTONE 305 M,94,0,48,0,0,164,153
MOOTONE 306 M,100,4,56,8,0,133,120
MOOTONE 307 M,98,14,65,51,0,89,79
MOOTONE 308 M,90,21,65,69,0,76,69
MOOTONE 309 M,42,0,24,0,124,224,211
MOOTONE 310 M,48,0,25,0,44,213,196
MOOTONE 311 M,66,0,39,0,0,199,177
MOOTONE 312 M,90,0,52,0,0,179,152
MOOTONE 313 M,98,0,58,0,0,150,129
MOOTONE 314 M,100,5,65,26,0,120,100
MOOTONE 315 M,92,25,70,68,0,78,66
MOOTONE 316 M,48,0,22,0,109,205,184
MOOTONE 317 M,58,0,30,0,73,197,177
MOOTONE 318 M,86,0,52,0,0,171,142
MOOTONE 319 M,99,0,69,0,0,155,119
MOOTONE 320 M,99,3,68,12,0,130,100
MOOTONE 321 M,99,11,72,35,0,106,82
MOOTONE 322 M,94,28,74,73,3,70,56
MOOTONE 323 M,27,0,15,0,167,230,215
MOOTONE 324 M,33,0,18,0,140,226,208
MOOTONE 325 M,49,0,28,0,60,219,192
MOOTONE 326 M,93,0,63,0,0,171,132
MOOTONE 327 M,99,0,70,0,0,151,117
MOOTONE 328 M,97,6,69,19,0,123,95
MOOTONE 329 M,95,11,70,44,0,102,79
MOOTONE 330 M,39,0,22,0,143,214,189
MOOTONE 331 M,50,0,31,0,110,206,178
MOOTONE 332 M,84,0,58,0,0,179,136
MOOTONE 333 M,99,0,84,0,0,150,94
MOOTONE 334 M,95,5,82,24,0,122,83
MOOTONE 335 M,93,10,75,43,0,103,71
MOOTONE 336 M,89,19,72,60,17,87,64
MOOTONE 337 M,36,0,24,0,122,225,191
MOOTONE 338 M,43,0,28,0,71,215,172
MOOTONE 339 M,66,0,48,0,0,195,137
MOOTONE 340 M,88,0,68,0,0,175,102
MOOTONE 341 M,97,10,86,18,0,119,73
MOOTONE 342 M,93,13,85,44,0,99,65
MOOTONE 343 M,93,24,85,68,21,71,52
MOOTONE 344 M,32,0,30,0,160,218,179
MOOTONE 345 M,43,0,41,0,145,214,172
MOOTONE 346 M,52,0,51,0,113,204,152
MOOTONE 347 M,93,0,100,0,0,154,68
MOOTONE 348 M,96,2,100,12,0,132,61
MOOTONE 349 M,90,12,95,40,4,106,56
MOOTONE 350 M,80,21,79,64,44,82,52
MOOTONE 351 M,27,0,23,0,162,228,184
MOOTONE 352 M,37,0,31,0,143,226,176
MOOTONE 353 M,41,0,36,0,128,224,167
MOOTONE 354 M,81,0,92,0,0,177,64
MOOTONE 355 M,91,0,100,0,0,150,57
MOOTONE 356 M,91,4,100,25,0,122,51
MOOTONE 357 M,92,18,94,61,33,87,50
MOOTONE 358 M,34,0,42,0,173,220,145
MOOTONE 359 M,40,0,50,0,161,216,132
MOOTONE 360 M,63,0,84,0,108,194,74
MOOTONE 361 M,77,0,100,0,67,176,42
MOOTONE 362 M,78,0,100,2,80,158,47
MOOTONE 363 M,76,3,100,18,76,140,43
MOOTONE 364 M,71,4,100,45,74,119,41
MOOTONE 365 M,24,0,44,0,194,225,137
MOOTONE 366 M,31,0,51,0,183,221,121
MOOTONE 367 M,41,0,68,0,164,214,94
MOOTONE 368 M,65,0,100,0,120,190,32
MOOTONE 369 M,68,0,100,0,100,167,11
MOOTONE 370 M,62,1,100,25,101,141,27
MOOTONE 371 M,50,9,98,61,84,98,35
MOOTONE 372 M,16,0,41,0,212,235,142
MOOTONE 373 M,21,0,48,0,205,234,128
MOOTONE 374 M,30,0,64,0,197,232,108
MOOTONE 375 M,46,0,90,0,151,215,0
MOOTONE 376 M,54,0,100,0,132,189,0
MOOTONE 377 M,50,1,100,20,122,154,1
MOOTONE 378 M,47,11,99,64,89,98,29
MOOTONE 379 M,13,0,61,0,226,232,104
MOOTONE 380 M,18,0,82,0,219,228,66
MOOTONE 381 M,25,0,98,0,206,220,0
MOOTONE 382 M,28,0,100,0,196,214,0
MOOTONE 383 M,29,1,100,18,168,173,0
MOOTONE 384 M,26,4,99,35,148,147,0
MOOTONE 385 M,24,14,94,55,120,113,33
MOOTONE 386 M,9,0,66,0,233,236,107
MOOTONE 387 M,12,0,80,0,227,233,53
MOOTONE 388 M,15,0,80,0,224,231,33
MOOTONE 389 M,21,0,85,0,208,223,0
MOOTONE 390 M,27,0,100,3,181,189,0
MOOTONE 391 M,23,5,100,33,154,149,0
MOOTONE 392 M,24,11,100,48,130,122,4
MOOTONE 393 M,6,0,55,0,240,236,116
MOOTONE 394 M,6,0,72,0,237,233,57
MOOTONE 395 M,9,0,90,0,236,232,26
MOOTONE 396 M,10,0,95,0,225,224,0
MOOTONE 397 M,14,2,100,15,191,184,0
MOOTONE 398 M,14,6,100,24,173,164,0
MOOTONE 399 M,16,9,100,36,160,146,0
MOOTONE 400 M,2,0,60,0,243,234,93
MOOTONE 401 M,3,0,90,0,243,229,0
MOOTONE 402 M,4,0,100,0,239,223,0
MOOTONE 403 M,7,0,100,0,238,220,0
MOOTONE 404 M,8,7,100,25,187,166,0
MOOTONE 405 M,12,13,100,43,154,135,0
MOOTONE 406 M,23,25,100,67,104,92,32
MOOTONE 407 M,6,7,13,16,196,191,182
MOOTONE 408 M,10,11,17,27,175,169,160
MOOTONE 409 M,13,16,21,36,157,150,141
MOOTONE 410 M,18,21,27,47,140,133,123
MOOTONE 411 M,20,25,30,58,119,110,100
MOOTONE 412 M,26,31,35,72,105,97,88
MOOTONE 413 M,63,62,58,94,45,41,38
MOOTONE 414 M,5,8,10,16,196,188,183
MOOTONE 415 M,9,14,13,28,178,168,162
MOOTONE 416 M,12,19,19,40,151,140,135
MOOTONE 417 M,17,25,22,51,133,120,116
MOOTONE 418 M,22,33,28,60,116,102,97
MOOTONE 419 M,30,42,34,75,94,81,77
MOOTONE 420 M,52,58,45,90,56,47,45
MOOTONE 421 M,9,5,12,14,186,187,177
MOOTONE 422 M,13,8,17,26,168,169,158
MOOTONE 423 M,22,14,23,38,145,147,136
MOOTONE 424 M,28,18,29,51,126,127,116
MOOTONE 425 M,33,23,35,63,101,102,92
MOOTONE 426 M,38,26,40,72,81,83,74
MOOTONE 427 M,86,70,69,95,33,35,34
MOOTONE 428 M,6,4,7,13,199,201,199
MOOTONE 429 M,13,8,11,26,178,180,178
MOOTONE 430 M,19,12,13,34,158,162,162
MOOTONE 431 M,22,14,18,45,137,141,141
MOOTONE 432 M,30,20,19,58,112,115,114
MOOTONE 433 M,48,29,26,76,84,88,90
MOOTONE 434 M,94,77,52,94,37,40,42
MOOTONE 435 M,7,3,5,8,208,211,212
MOOTONE 436 M,10,4,4,14,193,198,200
MOOTONE 437 M,21,11,9,23,162,170,173
MOOTONE 438 M,33,18,13,40,124,135,142
MOOTONE 439 M,45,25,16,58,91,103,112
MOOTONE 440 M,65,43,26,78,51,63,72
MOOTONE 441 M,90,68,41,90,29,37,45
MOOTONE 442 M,5,11,8,12,208,196,197
MOOTONE 443 M,9,16,8,19,193,178,182
MOOTONE 444 M,12,24,9,28,171,152,157
MOOTONE 445 M,21,40,18,56,123,100,105
MOOTONE 446 M,42,56,47,77,88,68,70
MOOTONE 447 M,52,61,47,83,69,53,54
MOOTONE 448 M,63,62,58,88,56,46,44
MOOTONE 449 M,22,4,15,8,190,198,196
MOOTONE 450 M,25,7,19,20,162,172,171
MOOTONE 451 M,33,12,18,30,145,157,157
MOOTONE 452 M,45,16,25,50,113,124,125
MOOTONE 453 M,52,23,30,74,80,87,89
MOOTONE 454 M,54,27,36,82,63,68,68
MOOTONE 455 M,50,30,40,90,55,58,54
MOOTONE 456 M,33,43,80,82,74,65,42
MOOTONE 457 M,31,38,75,76,82,71,39
MOOTONE 458 M,32,39,87,74,89,74,37
MOOTONE 459 M,21,15,54,31,155,148,95
MOOTONE 460 M,16,11,45,25,176,170,126
MOOTONE 461 M,11,7,35,15,191,187,152
MOOTONE 462 M,11,5,29,8,202,199,167
MOOTONE 463 M,24,42,91,75,97,79,37
MOOTONE 464 M,19,35,90,55,140,119,50
MOOTONE 465 M,16,27,83,42,153,133,66
MOOTONE 466 M,13,19,62,28,179,163,105
MOOTONE 467 M,9,12,47,18,197,183,131
MOOTONE 468 M,6,8,35,12,207,196,147
MOOTONE 469 M,5,6,30,4,213,203,159
MOOTONE 470 M,23,38,89,70,105,91,36
MOOTONE 471 M,10,23,100,43,162,142,42
MOOTONE 472 M,9,24,100,32,184,157,24
MOOTONE 473 M,5,4,73,7,217,199,86
MOOTONE 474 M,5,3,64,4,222,205,99
MOOTONE 475 M,2,2,55,3,228,215,126
MOOTONE 476 M,2,1,45,2,233,223,151
MOOTONE 477 M,28,48,71,73,92,70,43
MOOTONE 478 M,14,54,95,62,116,79,40
MOOTONE 479 M,11,52,94,52,139,91,41
MOOTONE 480 M,9,29,66,24,185,151,91
MOOTONE 481 M,8,23,52,15,198,170,118
MOOTONE 482 M,6,15,41,10,211,188,141
MOOTONE 483 M,6,13,41,4,221,203,164
MOOTONE 484 M,30,72,74,80,79,44,29
MOOTONE 485 M,12,58,81,42,148,96,55
MOOTONE 486 M,11,46,64,30,173,124,89
MOOTONE 487 M,8,41,51,20,191,148,116
MOOTONE 488 M,5,30,38,12,205,167,136
MOOTONE 489 M,5,20,28,6,220,191,166
MOOTONE 490 M,2,15,23,5,224,198,173
MOOTONE 491 M,24,79,100,73,105,63,35
MOOTONE 492 M,7,70,99,38,164,90,42
MOOTONE 493 M,5,71,100,23,184,97,37
MOOTONE 494 M,1,46,63,1,229,158,109
MOOTONE 495 M,0,20,35,6,240,191,155
MOOTONE 496 M,0,18,31,5,241,198,167
MOOTONE 497 M,0,15,26,5,243,207,179
MOOTONE 498 M,24,85,100,76,91,52,39
MOOTONE 499 M,24,70,71,58,124,77,58
MOOTONE 500 M,17,58,60,45,149,108,88
MOOTONE 501 M,13,42,43,31,174,138,121
MOOTONE 502 M,7,28,27,16,192,163,146
MOOTONE 503 M,5,22,23,14,205,181,167
MOOTONE 504 M,3,16,20,9,215,196,183
MOOTONE 505 M,30,71,75,81,78,54,41
MOOTONE 506 M,23,75,78,69,98,59,42
MOOTONE 507 M,19,79,84,61,112,63,42
MOOTONE 508 M,14,48,52,26,170,128,102
MOOTONE 509 M,8,29,32,13,198,169,146
MOOTONE 510 M,5,23,27,10,211,187,168
MOOTONE 511 M,4,17,21,7,219,200,182
MOOTONE 512 M,21,80,81,69,101,48,36
MOOTONE 513 M,8,92,100,33,154,51,36
MOOTONE 514 M,0,81,87,15,218,41,28
MOOTONE 515 M,0,37,47,9,232,146,124
MOOTONE 516 M,0,29,37,8,234,167,148
MOOTONE 517 M,0,21,29,7,236,186,168
MOOTONE 518 M,0,17,25,7,236,195,178
MOOTONE 519 M,26,85,85,72,93,42,44
MOOTONE 520 M,18,85,65,55,127,48,53
MOOTONE 521 M,11,85,60,48,143,50,55
MOOTONE 522 M,2,57,17,3,220,134,153
MOOTONE 523 M,0,30,24,9,233,162,178
MOOTONE 524 M,0,22,17,5,241,189,200
MOOTONE 525 M,0,18,14,5,242,198,207
MOOTONE 526 M,30,73,74,78,81,47,46
MOOTONE 527 M,23,78,77,65,106,55,53
MOOTONE 528 M,21,73,58,56,122,62,58
MOOTONE 529 M,6,50,21,14,198,133,143
MOOTONE 530 M,1,39,11,5,218,165,173
MOOTONE 531 M,0,19,16,10,229,186,193
MOOTONE 532 M,0,16,15,9,233,196,199
MOOTONE 533 M,36,84,58,85,63,32,33
MOOTONE 534 M,22,74,38,47,135,75,82
MOOTONE 535 M,15,62,30,38,156,97,105
MOOTONE 536 M,10,52,25,29,176,124,131
MOOTONE 537 M,5,35,14,10,204,161,166
MOOTONE 538 M,3,30,13,7,219,183,187
MOOTONE 539 M,1,18,8,3,223,194,195
MOOTONE 540 M,29,82,44,73,87,41,50
MOOTONE 541 M,19,82,44,65,111,44,63
MOOTONE 542 M,19,86,38,57,132,52,78
MOOTONE 543 M,4,51,7,6,213,146,170
MOOTONE 544 M,1,41,4,2,228,169,187
MOOTONE 545 M,1,36,3,0,232,179,195
MOOTONE 546 M,0,19,14,8,235,190,203
MOOTONE 547 M,50,99,9,58,97,44,81
MOOTONE 548 M,52,99,3,18,131,49,119
MOOTONE 549 M,52,99,0,0,147,50,142
MOOTONE 550 M,16,55,0,0,212,139,200
MOOTONE 551 M,8,42,0,0,226,172,215
MOOTONE 552 M,4,31,0,0,230,190,221
MOOTONE 553 M,2,25,0,0,235,198,223
MOOTONE 554 M,51,91,21,70,81,42,68
MOOTONE 555 M,42,81,11,49,105,60,94
MOOTONE 556 M,36,68,10,31,126,84,117
MOOTONE 557 M,25,51,5,20,155,119,147
MOOTONE 558 M,13,31,2,8,191,165,184
MOOTONE 559 M,7,19,2,3,211,192,205
MOOTONE 560 M,5,16,2,3,216,200,209
MOOTONE 561 M,55,86,20,63,75,48,72
MOOTONE 562 M,65,95,9,40,89,49,95
MOOTONE 563 M,67,95,4,16,100,47,108
MOOTONE 564 M,34,56,0,0,165,127,178
MOOTONE 565 M,24,44,0,0,186,156,197
MOOTONE 566 M,16,33,0,0,201,177,208
MOOTONE 567 M,10,23,0,0,213,194,216
MOOTONE 568 M,52,81,26,75,74,48,65
MOOTONE 569 M,44,74,21,58,102,67,90
MOOTONE 570 M,30,58,13,41,134,100,122
MOOTONE 571 M,15,38,7,22,175,149,166
MOOTONE 572 M,8,25,4,14,198,176,188
MOOTONE 573 M,5,18,4,8,208,190,199
MOOTONE 574 M,3,10,3,5,219,205,211
MOOTONE 575 M,69,100,4,45,87,44,95
MOOTONE 576 M,73,100,0,0,112,47,138
MOOTONE 577 M,69,99,0,0,128,49,167
MOOTONE 578 M,35,58,0,0,181,128,209
MOOTONE 579 M,23,45,0,0,202,162,221
MOOTONE 580 M,15,33,0,0,215,185,228
MOOTONE 581 M,9,24,0,0,223,200,231
MOOTONE 582 M,97,100,15,72,30,26,52
MOOTONE 583 M,86,83,9,45,64,58,96
MOOTONE 584 M,74,68,7,31,89,84,120
MOOTONE 585 M,44,40,5,15,141,137,165
MOOTONE 586 M,26,22,2,9,179,176,196
MOOTONE 587 M,18,15,2,6,198,196,210
MOOTONE 588 M,10,7,1,4,216,215,223
MOOTONE 589 M,88,76,30,82,28,31,42
MOOTONE 590 M,95,72,15,67,31,42,68
MOOTONE 591 M,95,74,7,44,27,54,93
MOOTONE 592 M,43,25,3,8,142,159,188
MOOTONE 593 M,34,17,2,7,162,178,200
MOOTONE 594 M,21,7,2,3,187,199,214
MOOTONE 595 M,14,4,1,3,197,207,218
MOOTONE 596 M,100,65,22,80,0,38,58
MOOTONE 597 M,100,57,12,66,0,48,87
MOOTONE 598 M,100,58,9,46,0,60,113
MOOTONE 599 M,60,19,1,4,123,175,212
MOOTONE 600 M,37,9,0,1,164,200,225
MOOTONE 601 M,27,4,1,1,189,214,230
MOOTONE 602 M,21,2,0,1,198,218,231
MOOTONE 603 M,100,71,39,90,8,31,44
MOOTONE 604 M,68,35,17,40,79,117,139
MOOTONE 605 M,56,24,11,34,91,127,149
MOOTONE 606 M,45,16,9,24,122,153,172
MOOTONE 607 M,31,8,6,11,166,187,200
MOOTONE 608 M,21,5,4,8,183,201,211
MOOTONE 609 M,17,4,6,4,191,206,214
MOOTONE 610 M,100,41,35,87,7,43,49
MOOTONE 611 M,100,35,32,82,0,49,60
MOOTONE 612 M,100,21,28,76,0,61,76
MOOTONE 613 M,56,8,9,21,107,164,184
MOOTONE 614 M,42,7,8,8,141,185,202
MOOTONE 615 M,35,3,8,7,163,199,210
MOOTONE 616 M,24,3,7,2,185,211,220
MOOTONE 617 M,100,45,38,90,7,39,45
MOOTONE 618 M,86,20,32,51,17,94,103
MOOTONE 619 M,65,11,25,27,79,134,142
MOOTONE 620 M,47,4,16,16,127,169,174
MOOTONE 621 M,39,2,14,10,148,183,187
MOOTONE 622 M,29,1,10,5,171,199,202
MOOTONE 623 M,22,1,9,2,182,207,208
MOOTONE 624 M,86,33,57,92,24,51,47
MOOTONE 625 M,66,24,43,66,62,93,88
MOOTONE 626 M,51,16,35,50,93,121,117
MOOTONE 627 M,38,9,23,32,130,153,149
MOOTONE 628 M,27,5,17,18,157,176,172
MOOTONE 629 M,20,4,13,10,177,192,188
MOOTONE 630 M,12,2,9,8,188,201,197
MOOTONE 631 M,82,30,65,76,40,71,52
MOOTONE 632 M,84,22,77,60,32,92,64
MOOTONE 633 M,80,17,76,51,40,114,79
MOOTONE 634 M,54,8,47,14,111,162,135
MOOTONE 635 M,44,4,37,10,133,176,154
MOOTONE 636 M,36,3,28,4,154,190,170
MOOTONE 637 M,29,2,24,3,173,202,184
MOOTONE 638 M,79,34,62,84,24,48,40
MOOTONE 639 M,62,19,45,50,67,105,91
MOOTONE 640 M,51,12,39,37,92,127,113
MOOTONE 641 M,44,12,34,24,127,156,144
MOOTONE 642 M,37,9,28,13,146,172,160
MOOTONE 643 M,23,3,19,8,167,189,177
MOOTONE 644 M,20,3,17,4,191,206,194
MOOTONE 645 M,79,30,63,80,29,60,52
MOOTONE 646 M,84,20,58,54,0,89,76
MOOTONE 647 M,85,12,52,36,0,111,98
MOOTONE 648 M,54,0,29,2,107,187,174
MOOTONE 649 M,43,0,23,0,134,200,188
MOOTONE 650 M,30,0,18,0,161,214,202
MOOTONE 651 M,17,0,12,0,185,220,210
MOOTONE 652 M,82,36,83,90,34,55,43
MOOTONE 653 M,52,16,52,54,94,116,97
MOOTONE 654 M,46,18,44,37,112,133,115
MOOTONE 655 M,34,10,33,20,148,165,150
MOOTONE 656 M,26,6,24,12,163,178,164
MOOTONE 657 M,20,4,20,9,176,189,176
MOOTONE 658 M,14,2,15,7,186,197,185
MOOTONE 659 M,88,33,69,72,23,63,53
MOOTONE 660 M,90,14,62,43,0,108,91
MOOTONE 661 M,90,9,60,15,0,129,109
MOOTONE 662 M,57,0,36,0,107,202,186
MOOTONE 663 M,40,0,25,0,152,219,206
MOOTONE 664 M,27,0,18,0,165,223,211
MOOTONE 665 M,20,0,14,0,181,227,216
MOOTONE 666 M,56,22,98,72,78,91,49
MOOTONE 667 M,55,9,95,45,103,130,58
MOOTONE 668 M,54,5,94,24,120,157,74
MOOTONE 669 M,35,2,58,0,169,196,127
MOOTONE 670 M,27,0,48,0,183,206,149
MOOTONE 671 M,24,0,43,0,188,209,155
MOOTONE 672 M,20,0,36,0,196,214,164
MOOTONE 673 M,54,24,86,73,62,72,39
MOOTONE 674 M,42,16,80,58,94,103,56
MOOTONE 675 M,37,13,71,50,115,123,76
MOOTONE 676 M,29,10,52,32,137,144,100
MOOTONE 677 M,24,8,41,19,163,170,131
MOOTONE 678 M,19,6,34,12,179,185,149
MOOTONE 679 M,12,2,24,9,195,198,168
MOOTONE 680 M,50,27,98,76,61,68,30
MOOTONE 681 M,34,12,91,54,109,113,46
MOOTONE 682 M,31,11,76,35,138,141,74
MOOTONE 683 M,26,9,56,20,162,165,105
MOOTONE 684 M,18,4,41,10,186,189,139
MOOTONE 685 M,15,4,37,9,198,200,155
MOOTONE 686 M,11,3,25,3,208,209,171
MOOTONE 687 M,25,19,100,70,98,93,32
MOOTONE 688 M,25,9,100,39,142,140,19
MOOTONE 689 M,26,1,100,10,183,191,16
MOOTONE 690 M,21,0,89,0,210,215,85
MOOTONE 691 M,14,0,68,0,219,222,112
MOOTONE 692 M,10,0,58,0,224,226,124
MOOTONE 693 M,9,0,50,0,227,228,141
MOOTONE 694 M,35,30,100,75,85,80,37
MOOTONE 695 M,22,15,86,47,137,129,61
MOOTONE 696 M,18,11,70,32,160,153,88
MOOTONE 697 M,18,10,60,23,175,169,110
MOOTONE 698 M,12,5,44,15,192,187,135
MOOTONE 699 M,9,3,37,10,203,199,147
MOOTONE 700 M,9,4,31,5,210,206,158
MOOTONE 701 M,3,3,6,7,215,210,203
MOOTONE 702 M,6,7,10,11,203,196,188
MOOTONE 703 M,9,11,13,20,191,184,175
MOOTONE 704 M,11,13,15,27,182,173,165
MOOTONE 705 M,11,13,16,32,172,163,154
MOOTONE 706 M,14,19,21,39,165,156,148
MOOTONE 707 M,16,23,23,44,150,140,131
MOOTONE 708 M,17,24,25,49,140,130,121
MOOTONE 709 M,23,32,34,51,131,120,111
MOOTONE 710 M,24,34,35,60,121,110,101
MOOTONE 711 M,26,36,38,68,110,98,89
MOOTONE 712 M,28,38,40,70,0,0,0
MOOTONE 713 M,28,40,42,72,0,0,0
MOOTONE 714 M,30,42,45,75,0,0,0
MOOTONE 715 M,4,2,4,8,217,217,214
MOOTONE 716 M,5,3,5,11,208,208,206
MOOTONE 717 M,8,5,7,16,200,201,199
MOOTONE 718 M,12,8,9,23,187,188,188
MOOTONE 719 M,13,9,10,27,177,179,179
MOOTONE 720 M,16,11,11,27,167,168,170
MOOTONE 721 M,20,14,12,40,151,153,155
MOOTONE 722 M,23,16,13,46,136,139,141
MOOTONE 723 M,30,22,17,57,117,120,123
MOOTONE 724 M,40,30,20,66,99,102,106
MOOTONE 725 M,44,34,22,77,83,86,90
MOOTONE 726 M,48,38,24,79,0,0,0
MOOTONE 727 M,52,42,28,82,0,0,0
MOOTONE 728 M,56,46,30,85,0,0,0
MOOTONE 729 M,100,0,0,0,0,0,0
MOOTONE 730 M,0,100,0,0,0,0,0
MOOTONE 731 M,0,0,100,0,0,0,0
MOOTONE 732 M,0,100,100,0,0,0,0
MOOTONE 733 M,100,0,100,0,0,0,0
MOOTONE 734 M,100,100,0,0,0,0,0
MOOTONE 735 M,100,100,100,0,0,0,0
MOOTONE 736 M,0,0,0,100,0,0,0
MOOTONE 737 M,10,10,10,100,0,0,0
MOOTONE 738 M,20,20,20,100,0,0,0
MOOTONE 739 M,30,30,30,100,0,0,0
MOOTONE 740 M,40,40,40,100,0,0,0
MOOTONE 741 M,50,50,50,100,0,0,0
MOOTONE 742 M,100,100,100,100,0,0,0
